numSamples,sampFreq,DIPort,DOPort,AO0,AI0,AI1,AI2,DO2,DI0
1000,80000,0,0,0,0,0,0,0,0
,,,,0,0,0,0,5,0
,,,,0,0,0,0,5,0
,,,,0,0,0,0,5,0
,,,,0,0,0,0,5,0
,,,,0,0,0,0,5,0
,,,,0,0,0,0,5,0
,,,,0,0,0,0,5,0
,,,,0,0,0,0,5,0
,,,,0,0,0,0,5,0
,,,,0,0,0,0,5,0
,,,,0,0,0,0,5,0
,,,,0,0,0,0,5,0
,,,,0,0,0,0,5,0
,,,,0,0,0,0,5,0
,,,,0,0,0,0,5,0
,,,,0,0,0,0,5,0
,,,,0,0,0,0,5,0
,,,,0,0,0,0,5,0
,,,,0,0,0,0,5,0
,,,,0,0,0,0,5,0
,,,,0,0,0,0,5,0
,,,,0,0,0,0,5,0
,,,,0,0,0,0,5,0
,,,,0,0,0,0,5,0
,,,,0,0,0,0,5,0
,,,,0,0,0,0,5,0
,,,,0,0,0,0,5,0
,,,,0,0,0,0,5,0
,,,,0,0,0,0,5,0
,,,,0,0,0,0,5,0
,,,,0,0,0,0,5,0
,,,,0,0,0,0,5,0
,,,,0,0,0,0,5,0
,,,,0,0,0,0,5,0
,,,,0,0,0,0,5,0
,,,,0,0,0,0,5,0
,,,,0,0,0,0,5,0
,,,,0,0,0,0,5,0
,,,,0,0,0,0,5,0
,,,,0,0,0,0,5,0
,,,,0,0,0,0,5,0
,,,,0,0,0,0,5,0
,,,,0,0,0,0,5,0
,,,,0,0,0,0,5,0
,,,,0,0,0,0,5,0
,,,,0,0,0,0,5,0
,,,,0,0,0,0,5,0
,,,,0,0,0,0,5,0
,,,,0,0,0,0,5,0
,,,,0,0,0,0,5,0
,,,,0,0,0,0,5,0
,,,,0,0,0,0,5,0
,,,,0,0,0,0,5,0
,,,,0,0,0,0,5,0
,,,,0,0,0,0,5,0
,,,,0,0,0,0,5,0
,,,,0,0,0,0,5,0
,,,,0,0,0,0,5,0
,,,,0,0,0,0,5,0
,,,,0,0,0,0,5,0
,,,,0,0,0,0,5,0
,,,,0,0,0,0,5,0
,,,,0,0,0,0,5,0
,,,,0,0,0,0,5,0
,,,,0,0,0,0,5,0
,,,,0,0,0,0,5,0
,,,,0,0,0,0,5,0
,,,,0,0,0,0,5,0
,,,,0,0,0,0,5,0
,,,,0,0,0,0,5,0
,,,,0,0,0,0,5,0
,,,,0,0,0,0,5,0
,,,,0,0,0,0,5,0
,,,,0,0,0,0,5,0
,,,,0,0,0,0,5,0
,,,,0,0,0,0,5,0
,,,,0,0,0,0,5,0
,,,,0,0,0,0,5,0
,,,,0,0,0,0,5,0
,,,,0,0,0,0,0,0
,,,,0,0,0,0,0,0
,,,,0,0,0,0,0,0
,,,,0,0,0,0,0,0
,,,,0,0,0,0,0,0
,,,,0,0,0,0,0,0
,,,,0,0,0,0,0,0
,,,,0,0,0,0,0,0
,,,,0,0,0,0,0,0
,,,,0,0,0,0,0,0
,,,,0,0,0,0,0,0
,,,,0,0,0,0,0,0
,,,,0,0,0,0,0,0
,,,,0,0,0,0,0,0
,,,,0,0,0,0,0,0
,,,,0,0,0,0,0,0
,,,,0,0,0,0,0,0
,,,,0,0,0,0,0,0
,,,,0,0,0,0,0,0
,,,,0,0,0,0,0,0
,,,,0,0,0,0,0,0
,,,,0,0,0,0,0,0
,,,,0,0,0,0,0,0
,,,,0,0,0,0,0,0
,,,,0,0,0,0,0,0
,,,,0,0,0,0,0,0
,,,,0,0,0,0,0,0
,,,,0,0,0,0,0,0
,,,,0,0,0,0,0,0
,,,,0,0,0,0,0,0
,,,,0,0,0,0,0,0
,,,,0,0,0,0,0,0
,,,,0,0,0,0,0,0
,,,,0,0,0,0,0,0
,,,,0,0,0,0,0,0
,,,,0,0,0,0,0,0
,,,,0,0,0,0,0,0
,,,,0,0,0,0,0,0
,,,,0,0,0,0,0,0
,,,,0,0,0,0,0,0
,,,,0,0,0,0,0,0
,,,,0,0,0,0,0,0
,,,,0,0,0,0,0,0
,,,,0,0,0,0,0,0
,,,,0,0,0,0,0,0
,,,,0,0,0,0,0,0
,,,,0,0,0,0,0,0
,,,,0,0,0,0,0,0
,,,,0,0,0,0,0,0
,,,,0,0,0,0,0,0
,,,,0,0,0,0,0,0
,,,,0,0,0,0,0,0
,,,,0,0,0,0,0,0
,,,,0,0,0,0,0,0
,,,,0,0,0,0,0,0
,,,,0,0,0,0,0,0
,,,,0,0,0,0,0,0
,,,,0,0,0,0,0,0
,,,,0,0,0,0,0,0
,,,,0,0,0,0,0,0
,,,,0,0,0,0,0,0
,,,,0,0,0,0,0,0
,,,,0,0,0,0,0,0
,,,,0,0,0,0,0,0
,,,,0,0,0,0,0,0
,,,,0,0,0,0,0,0
,,,,0,0,0,0,0,0
,,,,0,0,0,0,0,0
,,,,0,0,0,0,0,0
,,,,0,0,0,0,0,0
,,,,0,0,0,0,0,0
,,,,0,0,0,0,0,0
,,,,0,0,0,0,0,0
,,,,0,0,0,0,0,0
,,,,0,0,0,0,0,0
,,,,0,0,0,0,0,0
,,,,0,0,0,0,0,0
,,,,0,0,0,0,0,0
,,,,0,0,0,0,0,0
,,,,0,0,0,0,0,0
,,,,0,0,0,0,0,0
,,,,0,0,0,0,0,0
,,,,0,0,0,0,0,0
,,,,0,0,0,0,0,0
,,,,0,0,0,0,0,0
,,,,0,0,0,0,0,0
,,,,0,0,0,0,0,0
,,,,0,0,0,0,0,0
,,,,0,0,0,0,0,0
,,,,0,0,0,0,0,0
,,,,0,0,0,0,0,0
,,,,0,0,0,0,0,0
,,,,0,0,0,0,0,0
,,,,0,0,0,0,0,0
,,,,0,0,0,0,0,0
,,,,0,0,0,0,0,0
,,,,0,0,0,0,0,0
,,,,0,0,0,0,0,0
,,,,0,0,0,0,0,0
,,,,0,0,0,0,0,0
,,,,0,0,0,0,0,0
,,,,0,0,0,0,0,0
,,,,0,0,0,0,0,0
,,,,0,0,0,0,0,0
,,,,0,0,0,0,0,0
,,,,0,0,0,0,0,0
,,,,0,0,0,0,0,0
,,,,0,0,0,0,0,0
,,,,0,0,0,0,0,0
,,,,0,0,0,0,0,0
,,,,0,0,0,0,0,0
,,,,0,0,0,0,0,0
,,,,0,0,0,0,0,0
,,,,0,0,0,0,0,0
,,,,0,0,0,0,0,0
,,,,0,0,0,0,0,0
,,,,0,0,0,0,0,0
,,,,0,0,0,0,0,0
,,,,0,0,0,0,0,0
,,,,0,0,0,0,0,0
,,,,0,0,0,0,0,0
,,,,0,0,0,0,0,0
,,,,0,0,0,0,0,0
,,,,0,0,0,0,0,0
,,,,0,0,0,0,0,0
,,,,0,0,0,0,0,0
,,,,0,0,0,0,0,0
,,,,0,0,0,0,0,0
,,,,0,0,0,0,0,0
,,,,0,0,0,0,0,0
,,,,0,0,0,0,0,0
,,,,0,0,0,0,0,0
,,,,0,0,0,0,0,0
,,,,0,0,0,0,0,0
,,,,0,0,0,0,0,0
,,,,0,0,0,0,0,0
,,,,0,0,0,0,0,0
,,,,0,0,0,0,0,0
,,,,0,0,0,0,0,0
,,,,0,0,0,0,0,0
,,,,0,0,0,0,0,0
,,,,0,0,0,0,0,0
,,,,0,0,0,0,0,0
,,,,0,0,0,0,0,0
,,,,0,0,0,0,0,0
,,,,0,0,0,0,0,0
,,,,0,0,0,0,0,0
,,,,0,0,0,0,0,0
,,,,0,0,0,0,0,0
,,,,0,0,0,0,0,0
,,,,0,0,0,0,0,0
,,,,0,0,0,0,0,0
,,,,0,0,0,0,0,0
,,,,0,0,0,0,0,0
,,,,0,0,0,0,0,0
,,,,0,0,0,0,0,0
,,,,0,0,0,0,0,0
,,,,0,0,0,0,0,0
,,,,0,0,0,0,0,0
,,,,0,0,0,0,0,0
,,,,0,0,0,0,0,0
,,,,0,0,0,0,0,0
,,,,0,0,0,0,0,0
,,,,0,0,0,0,0,0
,,,,0,0,0,0,0,0
,,,,0,0,0,0,0,0
,,,,0,0,0,0,0,0
,,,,0,0,0,0,0,0
,,,,0,0,0,0,0,0
,,,,0,0,0,0,0,0
,,,,0,0,0,0,0,0
,,,,0,0,0,0,0,0
,,,,0,0,0,0,0,0
,,,,0,0,0,0,0,0
,,,,0,0,0,0,0,0
,,,,0,0,0,0,0,0
,,,,0,0,0,0,0,0
,,,,0,0,0,0,0,0
,,,,0,0,0,0,0,0
,,,,0,0,0,0,0,0
,,,,0,0,0,0,0,0
,,,,0,0,0,0,0,0
,,,,0,0,0,0,0,0
,,,,0,0,0,0,0,0
,,,,0,0,0,0,0,0
,,,,0,0,0,0,0,0
,,,,0,0,0,0,0,0
,,,,0,0,0,0,0,0
,,,,0,0,0,0,0,0
,,,,0,0,0,0,0,0
,,,,0,0,0,0,0,0
,,,,0,0,0,0,0,0
,,,,0,0,0,0,0,0
,,,,0,0,0,0,0,0
,,,,0,0,0,0,0,0
,,,,0,0,0,0,0,0
,,,,0,0,0,0,0,0
,,,,0,0,0,0,0,0
,,,,0,0,0,0,0,0
,,,,0,0,0,0,0,0
,,,,0,0,0,0,0,0
,,,,0,0,0,0,0,0
,,,,0,0,0,0,0,0
,,,,0,0,0,0,0,0
,,,,0,0,0,0,0,0
,,,,0,0,0,0,0,0
,,,,0,0,0,0,0,0
,,,,0,0,0,0,0,0
,,,,0,0,0,0,0,0
,,,,0,0,0,0,0,0
,,,,0,0,0,0,0,0
,,,,0,0,0,0,0,0
,,,,0,0,0,0,0,0
,,,,0,0,0,0,0,0
,,,,0,0,0,0,0,0
,,,,0,0,0,0,0,0
,,,,0,0,0,0,0,0
,,,,0,0,0,0,0,0
,,,,0,0,0,0,0,0
,,,,0,0,0,0,0,0
,,,,0,0,0,0,0,0
,,,,0,0,0,0,0,0
,,,,0,0,0,0,0,0
,,,,0,0,0,0,0,0
,,,,0,0,0,0,0,0
,,,,0,0,0,0,0,0
,,,,0,0,0,0,0,0
,,,,0,0,0,0,0,0
,,,,0,0,0,0,0,0
,,,,0,0,0,0,0,0
,,,,0,0,0,0,0,0
,,,,0,0,0,0,0,0
,,,,0,0,0,0,0,0
,,,,0,0,0,0,0,0
,,,,0,0,0,0,0,0
,,,,0,0,0,0,0,0
,,,,0,0,0,0,0,0
,,,,0,0,0,0,0,0
,,,,0,0,0,0,0,0
,,,,0,0,0,0,0,0
,,,,0,0,0,0,0,0
,,,,0,0,0,0,0,0
,,,,0,0,0,0,0,0
,,,,0,0,0,0,0,0
,,,,0,0,0,0,0,0
,,,,0,0,0,0,0,0
,,,,0,0,0,0,0,0
,,,,0,0,0,0,0,0
,,,,0,0,0,0,0,0
,,,,0,0,0,0,0,0
,,,,0,0,0,0,0,0
,,,,0,0,0,0,0,0
,,,,0,0,0,0,0,0
,,,,0,0,0,0,0,0
,,,,0,0,0,0,0,0
,,,,0,0,0,0,0,0
,,,,0,0,0,0,0,0
,,,,0,0,0,0,0,0
,,,,0,0,0,0,0,0
,,,,0,0,0,0,0,0
,,,,0,0,0,0,0,0
,,,,0,0,0,0,0,0
,,,,0,0,0,0,0,0
,,,,0,0,0,0,0,0
,,,,0,0,0,0,0,0
,,,,0,0,0,0,0,0
,,,,0,0,0,0,0,0
,,,,0,0,0,0,0,0
,,,,0,0,0,0,0,0
,,,,0,0,0,0,0,0
,,,,0,0,0,0,0,0
,,,,0,0,0,0,0,0
,,,,0,0,0,0,0,0
,,,,0,0,0,0,0,0
,,,,0,0,0,0,0,0
,,,,0,0,0,0,0,0
,,,,0,0,0,0,0,0
,,,,0,0,0,0,0,0
,,,,0,0,0,0,0,0
,,,,0,0,0,0,0,0
,,,,0,0,0,0,0,0
,,,,0,0,0,0,0,0
,,,,0,0,0,0,0,0
,,,,0,0,0,0,0,0
,,,,0,0,0,0,0,0
,,,,0,0,0,0,0,0
,,,,0,0,0,0,0,0
,,,,0,0,0,0,0,0
,,,,0,0,0,0,0,0
,,,,0,0,0,0,0,0
,,,,0,0,0,0,0,0
,,,,0,0,0,0,0,0
,,,,0,0,0,0,0,0
,,,,0,0,0,0,0,0
,,,,0,0,0,0,0,0
,,,,0,0,0,0,0,0
,,,,0,0,0,0,0,0
,,,,0,0,0,0,0,0
,,,,0,0,0,0,0,0
,,,,0,0,0,0,0,0
,,,,0,0,0,0,0,0
,,,,0,0,0,0,0,0
,,,,0,0,0,0,0,0
,,,,0,0,0,0,0,0
,,,,0,0,0,0,0,0
,,,,0,0,0,0,0,0
,,,,0,0,0,0,0,0
,,,,0,0,0,0,0,0
,,,,0,0,0,0,0,0
,,,,0,0,0,0,0,0
,,,,0,0,0,0,0,0
,,,,0,0,0,0,0,0
,,,,0,0,0,0,0,0
,,,,0,0,0,0,0,0
,,,,0,0,0,0,0,0
,,,,0,0,0,0,0,0
,,,,0,0,0,0,0,0
,,,,0,0,0,0,0,0
,,,,0,0,0,0,0,0
,,,,0,0,0,0,0,0
,,,,0,0,0,0,0,0
,,,,0,0,0,0,0,0
,,,,0,0,0,0,0,0
,,,,0,0,0,0,0,0
,,,,0,0,0,0,0,0
,,,,0,0,0,0,0,0
,,,,0,0,0,0,0,0
,,,,0,0,0,0,0,0
,,,,0,0,0,0,0,0
,,,,0,0,0,0,0,0
,,,,0,0,0,0,0,0
,,,,0,0,0,0,0,0
,,,,0,0,0,0,0,0
,,,,0,0,0,0,0,0
,,,,0,0,0,0,0,0
,,,,0,0,0,0,0,0
,,,,0,0,0,0,0,0
,,,,0,0,0,0,0,0
,,,,0,0,0,0,0,0
,,,,0,0,0,0,0,0
,,,,0,0,0,0,0,0
,,,,0,0,0,0,0,0
,,,,0,0,0,0,0,0
,,,,0,0,0,0,0,0
,,,,0,0,0,0,0,0
,,,,0,0,0,0,0,0
,,,,0,0,0,0,0,0
,,,,0,0,0,0,0,0
,,,,0,0,0,0,0,0
,,,,0,0,0,0,0,0
,,,,0,0,0,0,0,0
,,,,0,0,0,0,0,0
,,,,0,0,0,0,0,0
,,,,0,0,0,0,0,0
,,,,0,0,0,0,0,0
,,,,0,0,0,0,0,0
,,,,0,0,0,0,0,0
,,,,0,0,0,0,0,0
,,,,0,0,0,0,0,0
,,,,0,0,0,0,0,0
,,,,0,0,0,0,0,0
,,,,0,0,0,0,0,0
,,,,0,0,0,0,0,0
,,,,0,0,0,0,0,0
,,,,0,0,0,0,0,0
,,,,0,0,0,0,0,0
,,,,0,0,0,0,0,0
,,,,0,0,0,0,0,0
,,,,0,0,0,0,0,0
,,,,0,0,0,0,0,0
,,,,0,0,0,0,0,0
,,,,0,0,0,0,0,0
,,,,0,0,0,0,0,0
,,,,0,0,0,0,0,0
,,,,0,0,0,0,0,0
,,,,0,0,0,0,0,0
,,,,0,0,0,0,0,0
,,,,0,0,0,0,0,0
,,,,0,0,0,0,0,0
,,,,0,0,0,0,0,0
,,,,0,0,0,0,0,0
,,,,0,0,0,0,0,0
,,,,0,0,0,0,0,0
,,,,0,0,0,0,0,0
,,,,0,0,0,0,0,0
,,,,0,0,0,0,0,0
,,,,0,0,0,0,0,0
,,,,0,0,0,0,0,0
,,,,0,0,0,0,0,0
,,,,0,0,0,0,0,0
,,,,0,0,0,0,0,0
,,,,0,0,0,0,0,0
,,,,0,0,0,0,0,0
,,,,0,0,0,0,0,0
,,,,0,0,0,0,0,0
,,,,0,0,0,0,0,0
,,,,0,0,0,0,0,0
,,,,0,0,0,0,0,0
,,,,0,0,0,0,0,0
,,,,0,0,0,0,0,0
,,,,0,0,0,0,0,0
,,,,0,0,0,0,0,0
,,,,0,0,0,0,0,0
,,,,0,0,0,0,0,0
,,,,0,0,0,0,0,0
,,,,0,0,0,0,0,0
,,,,0,0,0,0,0,0
,,,,0,0,0,0,0,0
,,,,0,0,0,0,0,0
,,,,0,0,0,0,0,0
,,,,0,0,0,0,0,0
,,,,0,0,0,0,0,0
,,,,0,0,0,0,0,0
,,,,0,0,0,0,0,0
,,,,0,0,0,0,0,0
,,,,0,0,0,0,0,0
,,,,0,0,0,0,0,0
,,,,0,0,0,0,0,0
,,,,0,0,0,0,0,0
,,,,0,0,0,0,0,0
,,,,0,0,0,0,0,0
,,,,0,0,0,0,0,0
,,,,0,0,0,0,0,0
,,,,0,0,0,0,0,0
,,,,0,0,0,0,0,0
,,,,0,0,0,0,0,0
,,,,0,0,0,0,0,0
,,,,0,0,0,0,0,0
,,,,0,0,0,0,0,0
,,,,0,0,0,0,0,0
,,,,0,0,0,0,0,0
,,,,0,0,0,0,0,0
,,,,0,0,0,0,0,0
,,,,0,0,0,0,0,0
,,,,0,0,0,0,0,0
,,,,0,0,0,0,0,0
,,,,0,0,0,0,0,0
,,,,0,0,0,0,0,0
,,,,0,0,0,0,0,0
,,,,0,0,0,0,0,0
,,,,0,0,0,0,0,0
,,,,0,0,0,0,0,0
,,,,0,0,0,0,0,0
,,,,0,0,0,0,0,0
,,,,0,0,0,0,0,0
,,,,0,0,0,0,0,0
,,,,0,0,0,0,0,0
,,,,0,0,0,0,0,0
,,,,0,0,0,0,0,0
,,,,0,0,0,0,0,0
,,,,0,0,0,0,0,0
,,,,0,0,0,0,0,0
,,,,0,0,0,0,0,0
,,,,0,0,0,0,0,0
,,,,0,0,0,0,0,0
,,,,0,0,0,0,0,0
,,,,0,0,0,0,0,0
,,,,0,0,0,0,0,0
,,,,0,0,0,0,0,0
,,,,0,0,0,0,0,0
,,,,0,0,0,0,0,0
,,,,0,0,0,0,0,0
,,,,0,0,0,0,0,0
,,,,0,0,0,0,0,0
,,,,0,0,0,0,0,0
,,,,0,0,0,0,0,0
,,,,0,0,0,0,0,0
,,,,0,0,0,0,0,0
,,,,0,0,0,0,0,0
,,,,0,0,0,0,0,0
,,,,0,0,0,0,0,0
,,,,0,0,0,0,0,0
,,,,0,0,0,0,0,0
,,,,0,0,0,0,0,0
,,,,0,0,0,0,0,0
,,,,0,0,0,0,0,0
,,,,0,0,0,0,0,0
,,,,0,0,0,0,0,0
,,,,0,0,0,0,0,0
,,,,0,0,0,0,0,0
,,,,0,0,0,0,0,0
,,,,0,0,0,0,0,0
,,,,0,0,0,0,0,0
,,,,0,0,0,0,0,0
,,,,0,0,0,0,0,0
,,,,0,0,0,0,0,0
,,,,0,0,0,0,0,0
,,,,0,0,0,0,0,0
,,,,0,0,0,0,0,0
,,,,0,0,0,0,0,0
,,,,0,0,0,0,0,0
,,,,0,0,0,0,0,0
,,,,0,0,0,0,0,0
,,,,0,0,0,0,0,0
,,,,0,0,0,0,0,0
,,,,0,0,0,0,0,0
,,,,0,0,0,0,0,0
,,,,0,0,0,0,0,0
,,,,0,0,0,0,0,0
,,,,0,0,0,0,0,0
,,,,0,0,0,0,0,0
,,,,0,0,0,0,0,0
,,,,0,0,0,0,0,0
,,,,0,0,0,0,0,0
,,,,0,0,0,0,0,0
,,,,0,0,0,0,0,0
,,,,0,0,0,0,0,0
,,,,0,0,0,0,0,0
,,,,0,0,0,0,0,0
,,,,0,0,0,0,0,0
,,,,0,0,0,0,0,0
,,,,0,0,0,0,0,0
,,,,0,0,0,0,0,0
,,,,0,0,0,0,0,0
,,,,0,0,0,0,0,0
,,,,0,0,0,0,0,0
,,,,0,0,0,0,0,0
,,,,0,0,0,0,0,0
,,,,0,0,0,0,0,0
,,,,0,0,0,0,0,0
,,,,0,0,0,0,0,0
,,,,0,0,0,0,0,0
,,,,0,0,0,0,0,0
,,,,0,0,0,0,0,0
,,,,0,0,0,0,0,0
,,,,0,0,0,0,0,0
,,,,0,0,0,0,0,0
,,,,0,0,0,0,0,0
,,,,0,0,0,0,0,0
,,,,0,0,0,0,0,0
,,,,0,0,0,0,0,0
,,,,0,0,0,0,0,0
,,,,0,0,0,0,0,0
,,,,0,0,0,0,0,0
,,,,0,0,0,0,0,0
,,,,0,0,0,0,0,0
,,,,0,0,0,0,0,0
,,,,0,0,0,0,0,0
,,,,0,0,0,0,0,0
,,,,0,0,0,0,0,0
,,,,0,0,0,0,0,0
,,,,0,0,0,0,0,0
,,,,0,0,0,0,0,0
,,,,0,0,0,0,0,0
,,,,0,0,0,0,0,0
,,,,0,0,0,0,0,0
,,,,0,0,0,0,0,0
,,,,0,0,0,0,0,0
,,,,0,0,0,0,0,0
,,,,0,0,0,0,0,0
,,,,0,0,0,0,0,0
,,,,0,0,0,0,0,0
,,,,0,0,0,0,0,0
,,,,0,0,0,0,0,0
,,,,0,0,0,0,0,0
,,,,0,0,0,0,0,0
,,,,0,0,0,0,0,0
,,,,0,0,0,0,0,0
,,,,0,0,0,0,0,0
,,,,0,0,0,0,0,0
,,,,0,0,0,0,0,0
,,,,0,0,0,0,0,0
,,,,0,0,0,0,0,0
,,,,0,0,0,0,0,0
,,,,0,0,0,0,0,0
,,,,0,0,0,0,0,0
,,,,0,0,0,0,0,0
,,,,0,0,0,0,0,0
,,,,0,0,0,0,0,0
,,,,0,0,0,0,0,0
,,,,0,0,0,0,0,0
,,,,0,0,0,0,0,0
,,,,0,0,0,0,0,0
,,,,0,0,0,0,0,0
,,,,0,0,0,0,0,0
,,,,0,0,0,0,0,0
,,,,0,0,0,0,0,0
,,,,0,0,0,0,0,0
,,,,0,0,0,0,0,0
,,,,0,0,0,0,0,0
,,,,0,0,0,0,0,0
,,,,0,0,0,0,0,0
,,,,0,0,0,0,0,0
,,,,0,0,0,0,0,0
,,,,0,0,0,0,0,0
,,,,0,0,0,0,0,0
,,,,0,0,0,0,0,0
,,,,0,0,0,0,0,0
,,,,0,0,0,0,0,0
,,,,0,0,0,0,0,0
,,,,0,0,0,0,0,0
,,,,0,0,0,0,0,0
,,,,0,0,0,0,0,0
,,,,0,0,0,0,0,0
,,,,0,0,0,0,0,0
,,,,0,0,0,0,0,0
,,,,0,0,0,0,0,0
,,,,0,0,0,0,0,0
,,,,0,0,0,0,0,0
,,,,0,0,0,0,0,0
,,,,0,0,0,0,0,0
,,,,0,0,0,0,0,0
,,,,0,0,0,0,0,0
,,,,0,0,0,0,0,0
,,,,0,0,0,0,0,0
,,,,0,0,0,0,0,0
,,,,0,0,0,0,0,0
,,,,0,0,0,0,0,0
,,,,0,0,0,0,0,0
,,,,0,0,0,0,0,0
,,,,0,0,0,0,0,0
,,,,0,0,0,0,0,0
,,,,0,0,0,0,0,0
,,,,0,0,0,0,0,0
,,,,0,0,0,0,0,0
,,,,0,0,0,0,0,0
,,,,0,0,0,0,0,0
,,,,0,0,0,0,0,0
,,,,0,0,0,0,0,0
,,,,0,0,0,0,0,0
,,,,0,0,0,0,0,0
,,,,0,0,0,0,0,0
,,,,0,0,0,0,0,0
,,,,0,0,0,0,0,0
,,,,0,0,0,0,0,0
,,,,0,0,0,0,0,0
,,,,0,0,0,0,0,0
,,,,0,0,0,0,0,0
,,,,0,0,0,0,0,0
,,,,0,0,0,0,0,0
,,,,0,0,0,0,0,0
,,,,0,0,0,0,0,0
,,,,0,0,0,0,0,0
,,,,0,0,0,0,0,0
,,,,0,0,0,0,0,0
,,,,0,0,0,0,0,0
,,,,0,0,0,0,0,0
,,,,0,0,0,0,0,0
,,,,0,0,0,0,0,0
,,,,0,0,0,0,0,0
,,,,0,0,0,0,0,0
,,,,0,0,0,0,0,0
,,,,0,0,0,0,0,0
,,,,0,0,0,0,0,0
,,,,0,0,0,0,0,0
,,,,0,0,0,0,0,0
,,,,0,0,0,0,0,0
,,,,0,0,0,0,0,0
,,,,0,0,0,0,0,0
,,,,0,0,0,0,0,0
,,,,0,0,0,0,0,0
,,,,0,0,0,0,0,0
,,,,0,0,0,0,0,0
,,,,0,0,0,0,0,0
,,,,0,0,0,0,0,0
,,,,0,0,0,0,0,0
,,,,0,0,0,0,0,0
,,,,0,0,0,0,0,0
,,,,0,0,0,0,0,0
,,,,0,0,0,0,0,0
,,,,0,0,0,0,0,0
,,,,0,0,0,0,0,0
,,,,0,0,0,0,0,0
,,,,0,0,0,0,0,0
,,,,0,0,0,0,0,0
,,,,0,0,0,0,0,0
,,,,0,0,0,0,0,0
,,,,0,0,0,0,0,0
,,,,0,0,0,0,0,0
,,,,0,0,0,0,0,0
,,,,0,0,0,0,0,0
,,,,0,0,0,0,0,0
,,,,0,0,0,0,0,0
,,,,0,0,0,0,0,0
,,,,0,0,0,0,0,0
,,,,0,0,0,0,0,0
,,,,0,0,0,0,0,0
,,,,0,0,0,0,0,0
,,,,0,0,0,0,0,0
,,,,0,0,0,0,0,0
,,,,0,0,0,0,0,0
,,,,0,0,0,0,0,0
,,,,0,0,0,0,0,0
,,,,0,0,0,0,0,0
,,,,0,0,0,0,0,0
,,,,0,0,0,0,0,0
,,,,0,0,0,0,0,0
,,,,0,0,0,0,0,0
,,,,0,0,0,0,0,0
,,,,0,0,0,0,0,0
,,,,0,0,0,0,0,0
,,,,0,0,0,0,0,0
,,,,0,0,0,0,0,0
,,,,0,0,0,0,0,0
,,,,0,0,0,0,0,0
,,,,0,0,0,0,0,0
,,,,0,0,0,0,0,0
,,,,0,0,0,0,0,0
,,,,0,0,0,0,0,0
,,,,0,0,0,0,0,0
,,,,0,0,0,0,0,0
,,,,0,0,0,0,0,0
,,,,0,0,0,0,0,0
,,,,0,0,0,0,0,0
,,,,0,0,0,0,0,0
,,,,0,0,0,0,0,0
,,,,0,0,0,0,0,0
,,,,0,0,0,0,0,0
,,,,0,0,0,0,0,0
,,,,0,0,0,0,0,0
,,,,0,0,0,0,0,0
,,,,0,0,0,0,0,0
,,,,0,0,0,0,0,0
,,,,0,0,0,0,0,0
,,,,0,0,0,0,0,0
,,,,0,0,0,0,0,0
,,,,0,0,0,0,0,0
,,,,0,0,0,0,0,0
,,,,0,0,0,0,0,0
,,,,0,0,0,0,0,0
,,,,0,0,0,0,0,0
,,,,0,0,0,0,0,0
,,,,0,0,0,0,0,0
,,,,0,0,0,0,0,0
,,,,0,0,0,0,0,0
,,,,0,0,0,0,0,0
,,,,0,0,0,0,0,0
,,,,0,0,0,0,0,0
,,,,0,0,0,0,0,0
,,,,0,0,0,0,0,0
,,,,0,0,0,0,0,0
,,,,0,0,0,0,0,0
,,,,0,0,0,0,0,0
,,,,0,0,0,0,0,0
,,,,0,0,0,0,0,0
,,,,0,0,0,0,0,0
,,,,0,0,0,0,0,0
,,,,0,0,0,0,0,0
,,,,0,0,0,0,0,0
,,,,0,0,0,0,0,0
,,,,0,0,0,0,0,0
,,,,0,0,0,0,0,0
,,,,0,0,0,0,0,0
,,,,0,0,0,0,0,0
,,,,0,0,0,0,0,0
,,,,0,0,0,0,0,0
,,,,0,0,0,0,0,0
,,,,0,0,0,0,0,0
,,,,0,0,0,0,0,0
,,,,0,0,0,0,0,0
,,,,0,0,0,0,0,0
,,,,0,0,0,0,0,0
,,,,0,0,0,0,0,0
,,,,0,0,0,0,0,0
,,,,0,0,0,0,0,0
,,,,0,0,0,0,0,0
,,,,0,0,0,0,0,0
,,,,0,0,0,0,0,0
,,,,0,0,0,0,0,0
,,,,0,0,0,0,0,0
,,,,0,0,0,0,0,0
,,,,0,0,0,0,0,0
,,,,0,0,0,0,0,0
,,,,0,0,0,0,0,0
,,,,0,0,0,0,0,0
,,,,0,0,0,0,0,0
,,,,0,0,0,0,0,0
,,,,0,0,0,0,0,0
,,,,0,0,0,0,0,0
,,,,0,0,0,0,0,0
,,,,0,0,0,0,0,0
,,,,0,0,0,0,0,0
,,,,0,0,0,0,0,0
,,,,0,0,0,0,0,0
,,,,0,0,0,0,0,0
,,,,0,0,0,0,0,0
,,,,0,0,0,0,0,0
,,,,0,0,0,0,0,0
,,,,0,0,0,0,0,0
,,,,0,0,0,0,0,0
,,,,0,0,0,0,0,0
,,,,0,0,0,0,0,0
,,,,0,0,0,0,0,0
,,,,0,0,0,0,0,0
,,,,0,0,0,0,0,0
,,,,0,0,0,0,0,0
,,,,0,0,0,0,0,0
,,,,0,0,0,0,0,0
,,,,0,0,0,0,0,0
,,,,0,0,0,0,0,0
,,,,0,0,0,0,0,0
,,,,0,0,0,0,0,0
,,,,0,0,0,0,0,0
,,,,0,0,0,0,0,0
,,,,0,0,0,0,0,0
,,,,0,0,0,0,0,0
,,,,0,0,0,0,0,0
,,,,0,0,0,0,0,0
,,,,0,0,0,0,0,0
,,,,0,0,0,0,0,0
,,,,0,0,0,0,0,0
,,,,0,0,0,0,0,0
,,,,0,0,0,0,0,0
,,,,0,0,0,0,0,0
,,,,0,0,0,0,0,0
,,,,0,0,0,0,0,0
,,,,0,0,0,0,0,0
,,,,0,0,0,0,0,0
,,,,0,0,0,0,0,0
,,,,0,0,0,0,0,0
,,,,0,0,0,0,0,0
,,,,0,0,0,0,0,0
,,,,0,0,0,0,0,0
,,,,0,0,0,0,0,0
,,,,0,0,0,0,0,0
,,,,0,0,0,0,0,0
,,,,0,0,0,0,0,0
,,,,0,0,0,0,0,0
,,,,0,0,0,0,0,0
,,,,0,0,0,0,0,0
,,,,0,0,0,0,0,0
,,,,0,0,0,0,0,0
,,,,0,0,0,0,0,0
,,,,0,0,0,0,0,0
,,,,0,0,0,0,0,0
,,,,0,0,0,0,0,0
,,,,0,0,0,0,0,0
,,,,0,0,0,0,0,0
,,,,0,0,0,0,0,0
,,,,0,0,0,0,0,0
,,,,0,0,0,0,0,0
,,,,0,0,0,0,0,0
,,,,0,0,0,0,0,0
,,,,0,0,0,0,0,0
,,,,0,0,0,0,0,0
,,,,0,0,0,0,0,0
,,,,0,0,0,0,0,0
,,,,0,0,0,0,0,0
,,,,0,0,0,0,0,0
,,,,0,0,0,0,0,0
,,,,0,0,0,0,0,0
,,,,0,0,0,0,0,0
,,,,0,0,0,0,0,0
,,,,0,0,0,0,0,0
,,,,0,0,0,0,0,0
,,,,0,0,0,0,0,0
,,,,0,0,0,0,0,0
,,,,0,0,0,0,0,0
,,,,0,0,0,0,0,0
,,,,0,0,0,0,0,0
,,,,0,0,0,0,0,0
,,,,0,0,0,0,0,0
,,,,0,0,0,0,0,0
,,,,0,0,0,0,0,0
,,,,0,0,0,0,0,0
,,,,0,0,0,0,0,0
,,,,0,0,0,0,0,0
,,,,0,0,0,0,0,0
,,,,0,0,0,0,0,0
,,,,0,0,0,0,0,0
,,,,0,0,0,0,0,0
,,,,0,0,0,0,0,0
,,,,0,0,0,0,0,0
,,,,0,0,0,0,0,0
,,,,0,0,0,0,0,0
,,,,0,0,0,0,0,0
,,,,0,0,0,0,0,0
,,,,0,0,0,0,0,0
,,,,0,0,0,0,0,0
,,,,0,0,0,0,0,0
,,,,0,0,0,0,0,0
,,,,0,0,0,0,0,0
,,,,0,0,0,0,0,0
,,,,0,0,0,0,0,0
,,,,0,0,0,0,0,0
,,,,0,0,0,0,0,0
,,,,0,0,0,0,0,0
,,,,0,0,0,0,0,0
,,,,0,0,0,0,0,0
,,,,0,0,0,0,0,0
,,,,0,0,0,0,0,0
,,,,0,0,0,0,0,0
,,,,0,0,0,0,0,0
,,,,0,0,0,0,0,0
,,,,0,0,0,0,0,0
,,,,0,0,0,0,0,0
,,,,0,0,0,0,0,0
,,,,0,0,0,0,0,0
,,,,0,0,0,0,0,0
,,,,0,0,0,0,0,0
,,,,0,0,0,0,0,0
,,,,0,0,0,0,0,0
,,,,0,0,0,0,0,0
,,,,0,0,0,0,0,0
,,,,0,0,0,0,0,0
,,,,0,0,0,0,0,0
,,,,0,0,0,0,0,0
,,,,0,0,0,0,0,0
,,,,0,0,0,0,0,0
,,,,0,0,0,0,0,0
,,,,0,0,0,0,0,0
,,,,0,0,0,0,0,0
,,,,0,0,0,0,0,0
,,,,0,0,0,0,0,0
,,,,0,0,0,0,0,0
,,,,0,0,0,0,0,0
,,,,0,0,0,0,0,0
,,,,0,0,0,0,0,0
,,,,0,0,0,0,0,0
,,,,0,0,0,0,0,0
,,,,0,0,0,0,0,0
,,,,0,0,0,0,0,0
,,,,0,0,0,0,0,0
,,,,0,0,0,0,0,0
,,,,0,0,0,0,0,0
,,,,0,0,0,0,0,0
,,,,0,0,0,0,0,0
,,,,0,0,0,0,0,0
,,,,0,0,0,0,0,0
,,,,0,0,0,0,0,0
